<!DOCTYPE beans PUBLIC "-//SPRING//DTD BEAN 2.0//EN"
"http://www.springframework.org/dtd/spring-beans-2.0.dtd">

<beans>
	<bean id="id1"
		class="org.springframework.jdbc.datasource.DriverManagerDataSource">
		<property name="driverClassName" value="com.mysql.cj.jdbc.Driver" />
		<property name="url" value="jdbc:mysql://localhost:3306/astrazeneca" />
		<property name="username" value="root" />
		<property name="password" value="rpsconsulting" />
	</bean>	
	<bean id="id2" class="org.springframework.jdbc.core.JdbcTemplate">
		<constructor-arg>
			<ref bean="id1" />
		</constructor-arg>
	</bean>
	<bean id="id3" class="SpringJdbcInsert">
		<property name="jt">
			<ref bean="id2" />
		</property>
	</bean>
</beans>