<beans xmlns="http://www.springframework.org/schema/beans"
	xmlns:xsi="http://www.w3.org/2001/XMLSchema-instance"
	xmlns:context="http://www.springframework.org/schema/context"
	xsi:schemaLocation="http://www.springframework.org/schema/beans
    http://www.springframework.org/schema/beans/spring-beans-3.0.xsd
    http://www.springframework.org/schema/context
    http://www.springframework.org/schema/context/spring-context-3.0.xsd">

	<bean id="emp" class="com.astra.springcore.Employee" scope="prototype">
		<property name="empId" value="123"></property>
		<property name="empName" value="suresh"></property>
		<property name="empSal" value="20500"></property>
		<property name="empDesg" value="Trainer"></property>
	</bean>
	<bean id="emp1" class="com.astra.springcore.Employee">
		<constructor-arg name="empId" value="333"></constructor-arg>
		<constructor-arg name="empName" value="ramesh"></constructor-arg>
		<constructor-arg name="empSal" value="45000"></constructor-arg>
		<constructor-arg name="empDesg" value="developer"></constructor-arg>
	</bean>

</beans>